model_001	BBM/model_001.bnet
model_002	BBM/model_002.bnet
model_003	BBM/model_003.bnet
model_004	BBM/model_004.bnet
model_005	BBM/model_005.bnet
model_006	BBM/model_006.bnet
model_007	BBM/model_007.bnet
model_008	BBM/model_008.bnet
model_009	BBM/model_009.bnet
model_010	BBM/model_010.bnet
model_011	BBM/model_011.bnet
model_012	BBM/model_012.bnet
model_013	BBM/model_013.bnet
model_014	BBM/model_014.bnet
model_015	BBM/model_015.bnet
model_016	BBM/model_016.bnet
model_017	BBM/model_017.bnet
model_018	BBM/model_018.bnet
model_019	BBM/model_019.bnet
model_020	BBM/model_020.bnet
model_021	BBM/model_021.bnet
model_022	BBM/model_022.bnet
model_023	BBM/model_023.bnet
model_024	BBM/model_024.bnet
model_025	BBM/model_025.bnet
model_026	BBM/model_026.bnet
model_027	BBM/model_027.bnet
model_028	BBM/model_028.bnet
model_029	BBM/model_029.bnet
model_030	BBM/model_030.bnet
model_031	BBM/model_031.bnet
model_032	BBM/model_032.bnet
model_033	BBM/model_033.bnet
model_034	BBM/model_034.bnet
model_035	BBM/model_035.bnet
model_036	BBM/model_036.bnet
model_037	BBM/model_037.bnet
model_038	BBM/model_038.bnet
model_039	BBM/model_039.bnet
model_040	BBM/model_040.bnet
model_041	BBM/model_041.bnet
model_042	BBM/model_042.bnet
model_043	BBM/model_043.bnet
model_044	BBM/model_044.bnet
model_045	BBM/model_045.bnet
model_046	BBM/model_046.bnet
model_047	BBM/model_047.bnet
model_048	BBM/model_048.bnet
model_049	BBM/model_049.bnet
model_050	BBM/model_050.bnet
model_051	BBM/model_051.bnet
model_052	BBM/model_052.bnet
model_053	BBM/model_053.bnet
model_054	BBM/model_054.bnet
model_055	BBM/model_055.bnet
model_056	BBM/model_056.bnet
model_057	BBM/model_057.bnet
model_058	BBM/model_058.bnet
model_059	BBM/model_059.bnet
model_060	BBM/model_060.bnet
model_061	BBM/model_061.bnet
model_062	BBM/model_062.bnet
model_063	BBM/model_063.bnet
model_064	BBM/model_064.bnet
model_065	BBM/model_065.bnet
model_066	BBM/model_066.bnet
model_067	BBM/model_067.bnet
model_068	BBM/model_068.bnet
model_069	BBM/model_069.bnet
model_070	BBM/model_070.bnet
model_071	BBM/model_071.bnet
model_072	BBM/model_072.bnet
model_073	BBM/model_073.bnet
model_074	BBM/model_074.bnet
model_075	BBM/model_075.bnet
model_076	BBM/model_076.bnet
model_077	BBM/model_077.bnet
model_078	BBM/model_078.bnet
model_079	BBM/model_079.bnet
model_080	BBM/model_080.bnet
model_081	BBM/model_081.bnet
model_082	BBM/model_082.bnet
model_083	BBM/model_083.bnet
model_084	BBM/model_084.bnet
model_085	BBM/model_085.bnet
model_086	BBM/model_086.bnet
model_087	BBM/model_087.bnet
model_088	BBM/model_088.bnet
model_089	BBM/model_089.bnet
model_090	BBM/model_090.bnet
model_091	BBM/model_091.bnet
model_092	BBM/model_092.bnet
model_093	BBM/model_093.bnet
model_094	BBM/model_094.bnet
model_095	BBM/model_095.bnet
model_096	BBM/model_096.bnet
model_097	BBM/model_097.bnet
model_098	BBM/model_098.bnet
model_099	BBM/model_099.bnet
model_100	BBM/model_100.bnet
model_101	BBM/model_101.bnet
model_102	BBM/model_102.bnet
model_103	BBM/model_103.bnet
model_104	BBM/model_104.bnet
model_105	BBM/model_105.bnet
model_106	BBM/model_106.bnet
model_107	BBM/model_107.bnet
model_108	BBM/model_108.bnet
model_109	BBM/model_109.bnet
model_110	BBM/model_110.bnet
model_111	BBM/model_111.bnet
model_112	BBM/model_112.bnet
model_113	BBM/model_113.bnet
model_114	BBM/model_114.bnet
model_115	BBM/model_115.bnet
model_116	BBM/model_116.bnet
model_117	BBM/model_117.bnet
model_118	BBM/model_118.bnet
model_119	BBM/model_119.bnet
model_120	BBM/model_120.bnet
model_121	BBM/model_121.bnet
model_122	BBM/model_122.bnet
model_123	BBM/model_123.bnet
model_124	BBM/model_124.bnet
model_125	BBM/model_125.bnet
model_126	BBM/model_126.bnet
model_127	BBM/model_127.bnet
model_128	BBM/model_128.bnet
model_129	BBM/model_129.bnet
model_130	BBM/model_130.bnet
model_131	BBM/model_131.bnet
model_132	BBM/model_132.bnet
model_133	BBM/model_133.bnet
model_134	BBM/model_134.bnet
model_135	BBM/model_135.bnet
model_136	BBM/model_136.bnet
model_137	BBM/model_137.bnet
model_138	BBM/model_138.bnet
model_139	BBM/model_139.bnet
model_140	BBM/model_140.bnet
model_141	BBM/model_141.bnet
model_142	BBM/model_142.bnet
model_143	BBM/model_143.bnet
model_144	BBM/model_144.bnet
model_145	BBM/model_145.bnet
model_146	BBM/model_146.bnet
model_147	BBM/model_147.bnet
model_148	BBM/model_148.bnet
model_149	BBM/model_149.bnet
model_150	BBM/model_150.bnet
model_151	BBM/model_151.bnet
model_152	BBM/model_152.bnet
model_153	BBM/model_153.bnet
model_154	BBM/model_154.bnet
model_155	BBM/model_155.bnet
model_156	BBM/model_156.bnet
model_157	BBM/model_157.bnet
model_158	BBM/model_158.bnet
model_159	BBM/model_159.bnet
model_160	BBM/model_160.bnet
model_161	BBM/model_161.bnet
model_162	BBM/model_162.bnet
model_163	BBM/model_163.bnet
model_164	BBM/model_164.bnet
model_165	BBM/model_165.bnet
model_166	BBM/model_166.bnet
model_167	BBM/model_167.bnet
model_168	BBM/model_168.bnet
model_169	BBM/model_169.bnet
model_170	BBM/model_170.bnet
model_171	BBM/model_171.bnet
model_172	BBM/model_172.bnet
model_173	BBM/model_173.bnet
model_174	BBM/model_174.bnet
model_175	BBM/model_175.bnet
model_176	BBM/model_176.bnet
model_177	BBM/model_177.bnet
model_178	BBM/model_178.bnet
model_179	BBM/model_179.bnet
model_180	BBM/model_180.bnet
model_181	BBM/model_181.bnet
model_182	BBM/model_182.bnet
model_183	BBM/model_183.bnet
model_184	BBM/model_184.bnet
model_185	BBM/model_185.bnet
model_186	BBM/model_186.bnet
model_187	BBM/model_187.bnet
model_188	BBM/model_188.bnet
model_189	BBM/model_189.bnet
model_190	BBM/model_190.bnet
model_191	BBM/model_191.bnet
model_192	BBM/model_192.bnet
model_193	BBM/model_193.bnet
model_194	BBM/model_194.bnet
model_195	BBM/model_195.bnet
model_196	BBM/model_196.bnet
model_197	BBM/model_197.bnet
model_198	BBM/model_198.bnet
model_199	BBM/model_199.bnet
model_200	BBM/model_200.bnet
model_201	BBM/model_201.bnet
model_202	BBM/model_202.bnet
model_203	BBM/model_203.bnet
model_204	BBM/model_204.bnet
model_205	BBM/model_205.bnet
model_206	BBM/model_206.bnet
model_207	BBM/model_207.bnet
model_208	BBM/model_208.bnet
model_209	BBM/model_209.bnet
model_210	BBM/model_210.bnet
model_211	BBM/model_211.bnet
model_212	BBM/model_212.bnet
model_213	BBM/model_213.bnet
model_214	BBM/model_214.bnet
model_215	BBM/model_215.bnet
model_216	BBM/model_216.bnet
model_217	BBM/model_217.bnet
model_218	BBM/model_218.bnet
model_219	BBM/model_219.bnet
model_220	BBM/model_220.bnet
model_221	BBM/model_221.bnet
model_222	BBM/model_222.bnet
model_223	BBM/model_223.bnet
model_224	BBM/model_224.bnet
model_225	BBM/model_225.bnet
model_226	BBM/model_226.bnet
model_227	BBM/model_227.bnet
model_228	BBM/model_228.bnet
model_229	BBM/model_229.bnet
model_230	BBM/model_230.bnet
