model_001	benchmark/BBM/model_001.bnet	benchmark/BBM/model_001_01.csv
model_002	benchmark/BBM/model_002.bnet	benchmark/BBM/model_002_01.csv
model_003	benchmark/BBM/model_003.bnet	benchmark/BBM/model_003_01.csv
model_004	benchmark/BBM/model_004.bnet	benchmark/BBM/model_004_01.csv
model_005	benchmark/BBM/model_005.bnet	benchmark/BBM/model_005_01.csv
model_006	benchmark/BBM/model_006.bnet	benchmark/BBM/model_006_01.csv
model_007	benchmark/BBM/model_007.bnet	benchmark/BBM/model_007_01.csv
model_008	benchmark/BBM/model_008.bnet	benchmark/BBM/model_008_01.csv
model_009	benchmark/BBM/model_009.bnet	benchmark/BBM/model_009_01.csv
model_010	benchmark/BBM/model_010.bnet	benchmark/BBM/model_010_01.csv
model_011	benchmark/BBM/model_011.bnet	benchmark/BBM/model_011_01.csv
model_012	benchmark/BBM/model_012.bnet	benchmark/BBM/model_012_01.csv
model_013	benchmark/BBM/model_013.bnet	benchmark/BBM/model_013_01.csv
model_014	benchmark/BBM/model_014.bnet	benchmark/BBM/model_014_01.csv
model_015	benchmark/BBM/model_015.bnet	benchmark/BBM/model_015_01.csv
model_016	benchmark/BBM/model_016.bnet	benchmark/BBM/model_016_01.csv
model_017	benchmark/BBM/model_017.bnet	benchmark/BBM/model_017_01.csv
model_018	benchmark/BBM/model_018.bnet	benchmark/BBM/model_018_01.csv
model_019	benchmark/BBM/model_019.bnet	benchmark/BBM/model_019_01.csv
model_020	benchmark/BBM/model_020.bnet	benchmark/BBM/model_020_01.csv
model_021	benchmark/BBM/model_021.bnet	benchmark/BBM/model_021_01.csv
model_022	benchmark/BBM/model_022.bnet	benchmark/BBM/model_022_01.csv
model_023	benchmark/BBM/model_023.bnet	benchmark/BBM/model_023_01.csv
model_024	benchmark/BBM/model_024.bnet	benchmark/BBM/model_024_01.csv
model_025	benchmark/BBM/model_025.bnet	benchmark/BBM/model_025_01.csv
model_026	benchmark/BBM/model_026.bnet	benchmark/BBM/model_026_01.csv
model_027	benchmark/BBM/model_027.bnet	benchmark/BBM/model_027_01.csv
model_028	benchmark/BBM/model_028.bnet	benchmark/BBM/model_028_01.csv
model_029	benchmark/BBM/model_029.bnet	benchmark/BBM/model_029_01.csv
model_030	benchmark/BBM/model_030.bnet	benchmark/BBM/model_030_01.csv
model_031	benchmark/BBM/model_031.bnet	benchmark/BBM/model_031_01.csv
model_032	benchmark/BBM/model_032.bnet	benchmark/BBM/model_032_01.csv
model_033	benchmark/BBM/model_033.bnet	benchmark/BBM/model_033_01.csv
model_034	benchmark/BBM/model_034.bnet	benchmark/BBM/model_034_01.csv
model_035	benchmark/BBM/model_035.bnet	benchmark/BBM/model_035_01.csv
model_036	benchmark/BBM/model_036.bnet	benchmark/BBM/model_036_01.csv
model_037	benchmark/BBM/model_037.bnet	benchmark/BBM/model_037_01.csv
model_038	benchmark/BBM/model_038.bnet	benchmark/BBM/model_038_01.csv
model_039	benchmark/BBM/model_039.bnet	benchmark/BBM/model_039_01.csv
model_040	benchmark/BBM/model_040.bnet	benchmark/BBM/model_040_01.csv
model_041	benchmark/BBM/model_041.bnet	benchmark/BBM/model_041_01.csv
model_042	benchmark/BBM/model_042.bnet	benchmark/BBM/model_042_01.csv
model_043	benchmark/BBM/model_043.bnet	benchmark/BBM/model_043_01.csv
model_044	benchmark/BBM/model_044.bnet	benchmark/BBM/model_044_01.csv
model_045	benchmark/BBM/model_045.bnet	benchmark/BBM/model_045_01.csv
model_046	benchmark/BBM/model_046.bnet	benchmark/BBM/model_046_01.csv
model_047	benchmark/BBM/model_047.bnet	benchmark/BBM/model_047_01.csv
model_048	benchmark/BBM/model_048.bnet	benchmark/BBM/model_048_01.csv
model_049	benchmark/BBM/model_049.bnet	benchmark/BBM/model_049_01.csv
model_050	benchmark/BBM/model_050.bnet	benchmark/BBM/model_050_01.csv
model_051	benchmark/BBM/model_051.bnet	benchmark/BBM/model_051_01.csv
model_052	benchmark/BBM/model_052.bnet	benchmark/BBM/model_052_01.csv
model_053	benchmark/BBM/model_053.bnet	benchmark/BBM/model_053_01.csv
model_054	benchmark/BBM/model_054.bnet	benchmark/BBM/model_054_01.csv
model_055	benchmark/BBM/model_055.bnet	benchmark/BBM/model_055_01.csv
model_056	benchmark/BBM/model_056.bnet	benchmark/BBM/model_056_01.csv
model_057	benchmark/BBM/model_057.bnet	benchmark/BBM/model_057_01.csv
model_058	benchmark/BBM/model_058.bnet	benchmark/BBM/model_058_01.csv
model_059	benchmark/BBM/model_059.bnet	benchmark/BBM/model_059_01.csv
model_060	benchmark/BBM/model_060.bnet	benchmark/BBM/model_060_01.csv
model_061	benchmark/BBM/model_061.bnet	benchmark/BBM/model_061_01.csv
model_062	benchmark/BBM/model_062.bnet	benchmark/BBM/model_062_01.csv
model_063	benchmark/BBM/model_063.bnet	benchmark/BBM/model_063_01.csv
model_064	benchmark/BBM/model_064.bnet	benchmark/BBM/model_064_01.csv
model_065	benchmark/BBM/model_065.bnet	benchmark/BBM/model_065_01.csv
model_066	benchmark/BBM/model_066.bnet	benchmark/BBM/model_066_01.csv
model_067	benchmark/BBM/model_067.bnet	benchmark/BBM/model_067_01.csv
model_068	benchmark/BBM/model_068.bnet	benchmark/BBM/model_068_01.csv
model_069	benchmark/BBM/model_069.bnet	benchmark/BBM/model_069_01.csv
model_070	benchmark/BBM/model_070.bnet	benchmark/BBM/model_070_01.csv
model_071	benchmark/BBM/model_071.bnet	benchmark/BBM/model_071_01.csv
model_072	benchmark/BBM/model_072.bnet	benchmark/BBM/model_072_01.csv
model_073	benchmark/BBM/model_073.bnet	benchmark/BBM/model_073_01.csv
model_074	benchmark/BBM/model_074.bnet	benchmark/BBM/model_074_01.csv
model_075	benchmark/BBM/model_075.bnet	benchmark/BBM/model_075_01.csv
model_076	benchmark/BBM/model_076.bnet	benchmark/BBM/model_076_01.csv
model_077	benchmark/BBM/model_077.bnet	benchmark/BBM/model_077_01.csv
model_078	benchmark/BBM/model_078.bnet	benchmark/BBM/model_078_01.csv
model_079	benchmark/BBM/model_079.bnet	benchmark/BBM/model_079_01.csv
model_080	benchmark/BBM/model_080.bnet	benchmark/BBM/model_080_01.csv
model_081	benchmark/BBM/model_081.bnet	benchmark/BBM/model_081_01.csv
model_082	benchmark/BBM/model_082.bnet	benchmark/BBM/model_082_01.csv
model_083	benchmark/BBM/model_083.bnet	benchmark/BBM/model_083_01.csv
model_084	benchmark/BBM/model_084.bnet	benchmark/BBM/model_084_01.csv
model_085	benchmark/BBM/model_085.bnet	benchmark/BBM/model_085_01.csv
model_086	benchmark/BBM/model_086.bnet	benchmark/BBM/model_086_01.csv
model_087	benchmark/BBM/model_087.bnet	benchmark/BBM/model_087_01.csv
model_088	benchmark/BBM/model_088.bnet	benchmark/BBM/model_088_01.csv
model_089	benchmark/BBM/model_089.bnet	benchmark/BBM/model_089_01.csv
model_090	benchmark/BBM/model_090.bnet	benchmark/BBM/model_090_01.csv
model_091	benchmark/BBM/model_091.bnet	benchmark/BBM/model_091_01.csv
model_092	benchmark/BBM/model_092.bnet	benchmark/BBM/model_092_01.csv
model_093	benchmark/BBM/model_093.bnet	benchmark/BBM/model_093_01.csv
model_094	benchmark/BBM/model_094.bnet	benchmark/BBM/model_094_01.csv
model_095	benchmark/BBM/model_095.bnet	benchmark/BBM/model_095_01.csv
model_096	benchmark/BBM/model_096.bnet	benchmark/BBM/model_096_01.csv
model_097	benchmark/BBM/model_097.bnet	benchmark/BBM/model_097_01.csv
model_098	benchmark/BBM/model_098.bnet	benchmark/BBM/model_098_01.csv
model_099	benchmark/BBM/model_099.bnet	benchmark/BBM/model_099_01.csv
model_100	benchmark/BBM/model_100.bnet	benchmark/BBM/model_100_01.csv
model_101	benchmark/BBM/model_101.bnet	benchmark/BBM/model_101_01.csv
model_102	benchmark/BBM/model_102.bnet	benchmark/BBM/model_102_01.csv
model_103	benchmark/BBM/model_103.bnet	benchmark/BBM/model_103_01.csv
model_104	benchmark/BBM/model_104.bnet	benchmark/BBM/model_104_01.csv
model_105	benchmark/BBM/model_105.bnet	benchmark/BBM/model_105_01.csv
model_106	benchmark/BBM/model_106.bnet	benchmark/BBM/model_106_01.csv
model_107	benchmark/BBM/model_107.bnet	benchmark/BBM/model_107_01.csv
model_108	benchmark/BBM/model_108.bnet	benchmark/BBM/model_108_01.csv
model_109	benchmark/BBM/model_109.bnet	benchmark/BBM/model_109_01.csv
model_110	benchmark/BBM/model_110.bnet	benchmark/BBM/model_110_01.csv
model_111	benchmark/BBM/model_111.bnet	benchmark/BBM/model_111_01.csv
model_112	benchmark/BBM/model_112.bnet	benchmark/BBM/model_112_01.csv
model_113	benchmark/BBM/model_113.bnet	benchmark/BBM/model_113_01.csv
model_114	benchmark/BBM/model_114.bnet	benchmark/BBM/model_114_01.csv
model_115	benchmark/BBM/model_115.bnet	benchmark/BBM/model_115_01.csv
model_116	benchmark/BBM/model_116.bnet	benchmark/BBM/model_116_01.csv
model_117	benchmark/BBM/model_117.bnet	benchmark/BBM/model_117_01.csv
model_118	benchmark/BBM/model_118.bnet	benchmark/BBM/model_118_01.csv
model_119	benchmark/BBM/model_119.bnet	benchmark/BBM/model_119_01.csv
model_120	benchmark/BBM/model_120.bnet	benchmark/BBM/model_120_01.csv
model_121	benchmark/BBM/model_121.bnet	benchmark/BBM/model_121_01.csv
model_122	benchmark/BBM/model_122.bnet	benchmark/BBM/model_122_01.csv
model_123	benchmark/BBM/model_123.bnet	benchmark/BBM/model_123_01.csv
model_124	benchmark/BBM/model_124.bnet	benchmark/BBM/model_124_01.csv
model_125	benchmark/BBM/model_125.bnet	benchmark/BBM/model_125_01.csv
model_126	benchmark/BBM/model_126.bnet	benchmark/BBM/model_126_01.csv
model_127	benchmark/BBM/model_127.bnet	benchmark/BBM/model_127_01.csv
model_128	benchmark/BBM/model_128.bnet	benchmark/BBM/model_128_01.csv
model_129	benchmark/BBM/model_129.bnet	benchmark/BBM/model_129_01.csv
model_130	benchmark/BBM/model_130.bnet	benchmark/BBM/model_130_01.csv
model_131	benchmark/BBM/model_131.bnet	benchmark/BBM/model_131_01.csv
model_132	benchmark/BBM/model_132.bnet	benchmark/BBM/model_132_01.csv
model_133	benchmark/BBM/model_133.bnet	benchmark/BBM/model_133_01.csv
model_134	benchmark/BBM/model_134.bnet	benchmark/BBM/model_134_01.csv
model_135	benchmark/BBM/model_135.bnet	benchmark/BBM/model_135_01.csv
model_136	benchmark/BBM/model_136.bnet	benchmark/BBM/model_136_01.csv
model_137	benchmark/BBM/model_137.bnet	benchmark/BBM/model_137_01.csv
model_138	benchmark/BBM/model_138.bnet	benchmark/BBM/model_138_01.csv
model_139	benchmark/BBM/model_139.bnet	benchmark/BBM/model_139_01.csv
model_140	benchmark/BBM/model_140.bnet	benchmark/BBM/model_140_01.csv
model_141	benchmark/BBM/model_141.bnet	benchmark/BBM/model_141_01.csv
model_142	benchmark/BBM/model_142.bnet	benchmark/BBM/model_142_01.csv
model_143	benchmark/BBM/model_143.bnet	benchmark/BBM/model_143_01.csv
model_144	benchmark/BBM/model_144.bnet	benchmark/BBM/model_144_01.csv
model_145	benchmark/BBM/model_145.bnet	benchmark/BBM/model_145_01.csv
model_146	benchmark/BBM/model_146.bnet	benchmark/BBM/model_146_01.csv
model_147	benchmark/BBM/model_147.bnet	benchmark/BBM/model_147_01.csv
model_148	benchmark/BBM/model_148.bnet	benchmark/BBM/model_148_01.csv
model_149	benchmark/BBM/model_149.bnet	benchmark/BBM/model_149_01.csv
model_150	benchmark/BBM/model_150.bnet	benchmark/BBM/model_150_01.csv
model_151	benchmark/BBM/model_151.bnet	benchmark/BBM/model_151_01.csv
model_152	benchmark/BBM/model_152.bnet	benchmark/BBM/model_152_01.csv
model_153	benchmark/BBM/model_153.bnet	benchmark/BBM/model_153_01.csv
model_154	benchmark/BBM/model_154.bnet	benchmark/BBM/model_154_01.csv
model_155	benchmark/BBM/model_155.bnet	benchmark/BBM/model_155_01.csv
model_156	benchmark/BBM/model_156.bnet	benchmark/BBM/model_156_01.csv
model_157	benchmark/BBM/model_157.bnet	benchmark/BBM/model_157_01.csv
model_158	benchmark/BBM/model_158.bnet	benchmark/BBM/model_158_01.csv
model_159	benchmark/BBM/model_159.bnet	benchmark/BBM/model_159_01.csv
model_160	benchmark/BBM/model_160.bnet	benchmark/BBM/model_160_01.csv
model_161	benchmark/BBM/model_161.bnet	benchmark/BBM/model_161_01.csv
model_162	benchmark/BBM/model_162.bnet	benchmark/BBM/model_162_01.csv
model_163	benchmark/BBM/model_163.bnet	benchmark/BBM/model_163_01.csv
model_164	benchmark/BBM/model_164.bnet	benchmark/BBM/model_164_01.csv
model_165	benchmark/BBM/model_165.bnet	benchmark/BBM/model_165_01.csv
model_166	benchmark/BBM/model_166.bnet	benchmark/BBM/model_166_01.csv
model_167	benchmark/BBM/model_167.bnet	benchmark/BBM/model_167_01.csv
model_168	benchmark/BBM/model_168.bnet	benchmark/BBM/model_168_01.csv
model_169	benchmark/BBM/model_169.bnet	benchmark/BBM/model_169_01.csv
model_170	benchmark/BBM/model_170.bnet	benchmark/BBM/model_170_01.csv
model_171	benchmark/BBM/model_171.bnet	benchmark/BBM/model_171_01.csv
model_172	benchmark/BBM/model_172.bnet	benchmark/BBM/model_172_01.csv
model_173	benchmark/BBM/model_173.bnet	benchmark/BBM/model_173_01.csv
model_174	benchmark/BBM/model_174.bnet	benchmark/BBM/model_174_01.csv
model_175	benchmark/BBM/model_175.bnet	benchmark/BBM/model_175_01.csv
model_176	benchmark/BBM/model_176.bnet	benchmark/BBM/model_176_01.csv
model_177	benchmark/BBM/model_177.bnet	benchmark/BBM/model_177_01.csv
model_178	benchmark/BBM/model_178.bnet	benchmark/BBM/model_178_01.csv
model_179	benchmark/BBM/model_179.bnet	benchmark/BBM/model_179_01.csv
model_180	benchmark/BBM/model_180.bnet	benchmark/BBM/model_180_01.csv
model_181	benchmark/BBM/model_181.bnet	benchmark/BBM/model_181_01.csv
model_182	benchmark/BBM/model_182.bnet	benchmark/BBM/model_182_01.csv
model_183	benchmark/BBM/model_183.bnet	benchmark/BBM/model_183_01.csv
model_184	benchmark/BBM/model_184.bnet	benchmark/BBM/model_184_01.csv
model_185	benchmark/BBM/model_185.bnet	benchmark/BBM/model_185_01.csv
model_186	benchmark/BBM/model_186.bnet	benchmark/BBM/model_186_01.csv
model_187	benchmark/BBM/model_187.bnet	benchmark/BBM/model_187_01.csv
model_188	benchmark/BBM/model_188.bnet	benchmark/BBM/model_188_01.csv
model_189	benchmark/BBM/model_189.bnet	benchmark/BBM/model_189_01.csv
model_190	benchmark/BBM/model_190.bnet	benchmark/BBM/model_190_01.csv
model_191	benchmark/BBM/model_191.bnet	benchmark/BBM/model_191_01.csv
model_192	benchmark/BBM/model_192.bnet	benchmark/BBM/model_192_01.csv
model_193	benchmark/BBM/model_193.bnet	benchmark/BBM/model_193_01.csv
model_194	benchmark/BBM/model_194.bnet	benchmark/BBM/model_194_01.csv
model_195	benchmark/BBM/model_195.bnet	benchmark/BBM/model_195_01.csv
model_196	benchmark/BBM/model_196.bnet	benchmark/BBM/model_196_01.csv
model_197	benchmark/BBM/model_197.bnet	benchmark/BBM/model_197_01.csv
model_198	benchmark/BBM/model_198.bnet	benchmark/BBM/model_198_01.csv
model_199	benchmark/BBM/model_199.bnet	benchmark/BBM/model_199_01.csv
model_200	benchmark/BBM/model_200.bnet	benchmark/BBM/model_200_01.csv
model_201	benchmark/BBM/model_201.bnet	benchmark/BBM/model_201_01.csv
model_202	benchmark/BBM/model_202.bnet	benchmark/BBM/model_202_01.csv
model_203	benchmark/BBM/model_203.bnet	benchmark/BBM/model_203_01.csv
model_204	benchmark/BBM/model_204.bnet	benchmark/BBM/model_204_01.csv
model_205	benchmark/BBM/model_205.bnet	benchmark/BBM/model_205_01.csv
model_206	benchmark/BBM/model_206.bnet	benchmark/BBM/model_206_01.csv
model_207	benchmark/BBM/model_207.bnet	benchmark/BBM/model_207_01.csv
model_208	benchmark/BBM/model_208.bnet	benchmark/BBM/model_208_01.csv
model_209	benchmark/BBM/model_209.bnet	benchmark/BBM/model_209_01.csv
model_210	benchmark/BBM/model_210.bnet	benchmark/BBM/model_210_01.csv
model_211	benchmark/BBM/model_211.bnet	benchmark/BBM/model_211_01.csv
model_212	benchmark/BBM/model_212.bnet	benchmark/BBM/model_212_01.csv
model_213	benchmark/BBM/model_213.bnet	benchmark/BBM/model_213_01.csv
model_214	benchmark/BBM/model_214.bnet	benchmark/BBM/model_214_01.csv
model_215	benchmark/BBM/model_215.bnet	benchmark/BBM/model_215_01.csv
model_216	benchmark/BBM/model_216.bnet	benchmark/BBM/model_216_01.csv
model_217	benchmark/BBM/model_217.bnet	benchmark/BBM/model_217_01.csv
model_218	benchmark/BBM/model_218.bnet	benchmark/BBM/model_218_01.csv
model_219	benchmark/BBM/model_219.bnet	benchmark/BBM/model_219_01.csv
model_220	benchmark/BBM/model_220.bnet	benchmark/BBM/model_220_01.csv
model_221	benchmark/BBM/model_221.bnet	benchmark/BBM/model_221_01.csv
model_222	benchmark/BBM/model_222.bnet	benchmark/BBM/model_222_01.csv
model_223	benchmark/BBM/model_223.bnet	benchmark/BBM/model_223_01.csv
model_224	benchmark/BBM/model_224.bnet	benchmark/BBM/model_224_01.csv
model_225	benchmark/BBM/model_225.bnet	benchmark/BBM/model_225_01.csv
model_226	benchmark/BBM/model_226.bnet	benchmark/BBM/model_226_01.csv
model_227	benchmark/BBM/model_227.bnet	benchmark/BBM/model_227_01.csv
model_228	benchmark/BBM/model_228.bnet	benchmark/BBM/model_228_01.csv
model_229	benchmark/BBM/model_229.bnet	benchmark/BBM/model_229_01.csv
model_230	benchmark/BBM/model_230.bnet	benchmark/BBM/model_230_01.csv
handmade_050_02	benchmark/handmade/handmade_050_02.bnet	benchmark/handmade/handmade_050_02_01.csv
handmade_050_03	benchmark/handmade/handmade_050_03.bnet	benchmark/handmade/handmade_050_03_01.csv
handmade_050_04	benchmark/handmade/handmade_050_04.bnet	benchmark/handmade/handmade_050_04_01.csv
handmade_050_05	benchmark/handmade/handmade_050_05.bnet	benchmark/handmade/handmade_050_05_01.csv
handmade_050_06	benchmark/handmade/handmade_050_06.bnet	benchmark/handmade/handmade_050_06_01.csv
handmade_050_07	benchmark/handmade/handmade_050_07.bnet	benchmark/handmade/handmade_050_07_01.csv
handmade_050_08	benchmark/handmade/handmade_050_08.bnet	benchmark/handmade/handmade_050_08_01.csv
handmade_050_09	benchmark/handmade/handmade_050_09.bnet	benchmark/handmade/handmade_050_09_01.csv
handmade_050_10	benchmark/handmade/handmade_050_10.bnet	benchmark/handmade/handmade_050_10_01.csv
handmade_050_11	benchmark/handmade/handmade_050_11.bnet	benchmark/handmade/handmade_050_11_01.csv
handmade_100_02	benchmark/handmade/handmade_100_02.bnet	benchmark/handmade/handmade_100_02_01.csv
handmade_100_03	benchmark/handmade/handmade_100_03.bnet	benchmark/handmade/handmade_100_03_01.csv
handmade_100_04	benchmark/handmade/handmade_100_04.bnet	benchmark/handmade/handmade_100_04_01.csv
handmade_100_05	benchmark/handmade/handmade_100_05.bnet	benchmark/handmade/handmade_100_05_01.csv
handmade_100_06	benchmark/handmade/handmade_100_06.bnet	benchmark/handmade/handmade_100_06_01.csv
handmade_100_07	benchmark/handmade/handmade_100_07.bnet	benchmark/handmade/handmade_100_07_01.csv
handmade_100_08	benchmark/handmade/handmade_100_08.bnet	benchmark/handmade/handmade_100_08_01.csv
handmade_100_09	benchmark/handmade/handmade_100_09.bnet	benchmark/handmade/handmade_100_09_01.csv
handmade_100_10	benchmark/handmade/handmade_100_10.bnet	benchmark/handmade/handmade_100_10_01.csv
handmade_100_11	benchmark/handmade/handmade_100_11.bnet	benchmark/handmade/handmade_100_11_01.csv
handmade_150_02	benchmark/handmade/handmade_150_02.bnet	benchmark/handmade/handmade_150_02_01.csv
handmade_150_03	benchmark/handmade/handmade_150_03.bnet	benchmark/handmade/handmade_150_03_01.csv
handmade_150_04	benchmark/handmade/handmade_150_04.bnet	benchmark/handmade/handmade_150_04_01.csv
handmade_150_05	benchmark/handmade/handmade_150_05.bnet	benchmark/handmade/handmade_150_05_01.csv
handmade_150_06	benchmark/handmade/handmade_150_06.bnet	benchmark/handmade/handmade_150_06_01.csv
handmade_150_07	benchmark/handmade/handmade_150_07.bnet	benchmark/handmade/handmade_150_07_01.csv
handmade_150_08	benchmark/handmade/handmade_150_08.bnet	benchmark/handmade/handmade_150_08_01.csv
handmade_150_09	benchmark/handmade/handmade_150_09.bnet	benchmark/handmade/handmade_150_09_01.csv
handmade_150_10	benchmark/handmade/handmade_150_10.bnet	benchmark/handmade/handmade_150_10_01.csv
handmade_150_11	benchmark/handmade/handmade_150_11.bnet	benchmark/handmade/handmade_150_11_01.csv
handmade_200_02	benchmark/handmade/handmade_200_02.bnet	benchmark/handmade/handmade_200_02_01.csv
handmade_200_03	benchmark/handmade/handmade_200_03.bnet	benchmark/handmade/handmade_200_03_01.csv
handmade_200_04	benchmark/handmade/handmade_200_04.bnet	benchmark/handmade/handmade_200_04_01.csv
handmade_200_05	benchmark/handmade/handmade_200_05.bnet	benchmark/handmade/handmade_200_05_01.csv
handmade_200_06	benchmark/handmade/handmade_200_06.bnet	benchmark/handmade/handmade_200_06_01.csv
handmade_200_07	benchmark/handmade/handmade_200_07.bnet	benchmark/handmade/handmade_200_07_01.csv
handmade_200_08	benchmark/handmade/handmade_200_08.bnet	benchmark/handmade/handmade_200_08_01.csv
handmade_200_09	benchmark/handmade/handmade_200_09.bnet	benchmark/handmade/handmade_200_09_01.csv
handmade_200_10	benchmark/handmade/handmade_200_10.bnet	benchmark/handmade/handmade_200_10_01.csv
handmade_200_11	benchmark/handmade/handmade_200_11.bnet	benchmark/handmade/handmade_200_11_01.csv
handmade_250_02	benchmark/handmade/handmade_250_02.bnet	benchmark/handmade/handmade_250_02_01.csv
handmade_250_03	benchmark/handmade/handmade_250_03.bnet	benchmark/handmade/handmade_250_03_01.csv
handmade_250_04	benchmark/handmade/handmade_250_04.bnet	benchmark/handmade/handmade_250_04_01.csv
handmade_250_05	benchmark/handmade/handmade_250_05.bnet	benchmark/handmade/handmade_250_05_01.csv
handmade_250_06	benchmark/handmade/handmade_250_06.bnet	benchmark/handmade/handmade_250_06_01.csv
handmade_250_07	benchmark/handmade/handmade_250_07.bnet	benchmark/handmade/handmade_250_07_01.csv
handmade_250_08	benchmark/handmade/handmade_250_08.bnet	benchmark/handmade/handmade_250_08_01.csv
handmade_250_09	benchmark/handmade/handmade_250_09.bnet	benchmark/handmade/handmade_250_09_01.csv
handmade_250_10	benchmark/handmade/handmade_250_10.bnet	benchmark/handmade/handmade_250_10_01.csv
handmade_250_11	benchmark/handmade/handmade_250_11.bnet	benchmark/handmade/handmade_250_11_01.csv
handmade_300_02	benchmark/handmade/handmade_300_02.bnet	benchmark/handmade/handmade_300_02_01.csv
handmade_300_03	benchmark/handmade/handmade_300_03.bnet	benchmark/handmade/handmade_300_03_01.csv
handmade_300_04	benchmark/handmade/handmade_300_04.bnet	benchmark/handmade/handmade_300_04_01.csv
handmade_300_05	benchmark/handmade/handmade_300_05.bnet	benchmark/handmade/handmade_300_05_01.csv
handmade_300_06	benchmark/handmade/handmade_300_06.bnet	benchmark/handmade/handmade_300_06_01.csv
handmade_300_07	benchmark/handmade/handmade_300_07.bnet	benchmark/handmade/handmade_300_07_01.csv
handmade_300_08	benchmark/handmade/handmade_300_08.bnet	benchmark/handmade/handmade_300_08_01.csv
handmade_300_09	benchmark/handmade/handmade_300_09.bnet	benchmark/handmade/handmade_300_09_01.csv
handmade_300_10	benchmark/handmade/handmade_300_10.bnet	benchmark/handmade/handmade_300_10_01.csv
handmade_300_11	benchmark/handmade/handmade_300_11.bnet	benchmark/handmade/handmade_300_11_01.csv
handmade_350_02	benchmark/handmade/handmade_350_02.bnet	benchmark/handmade/handmade_350_02_01.csv
handmade_350_03	benchmark/handmade/handmade_350_03.bnet	benchmark/handmade/handmade_350_03_01.csv
handmade_350_04	benchmark/handmade/handmade_350_04.bnet	benchmark/handmade/handmade_350_04_01.csv
handmade_350_05	benchmark/handmade/handmade_350_05.bnet	benchmark/handmade/handmade_350_05_01.csv
handmade_350_06	benchmark/handmade/handmade_350_06.bnet	benchmark/handmade/handmade_350_06_01.csv
handmade_350_07	benchmark/handmade/handmade_350_07.bnet	benchmark/handmade/handmade_350_07_01.csv
handmade_350_08	benchmark/handmade/handmade_350_08.bnet	benchmark/handmade/handmade_350_08_01.csv
handmade_350_09	benchmark/handmade/handmade_350_09.bnet	benchmark/handmade/handmade_350_09_01.csv
handmade_350_10	benchmark/handmade/handmade_350_10.bnet	benchmark/handmade/handmade_350_10_01.csv
handmade_350_11	benchmark/handmade/handmade_350_11.bnet	benchmark/handmade/handmade_350_11_01.csv
handmade_400_02	benchmark/handmade/handmade_400_02.bnet	benchmark/handmade/handmade_400_02_01.csv
handmade_400_03	benchmark/handmade/handmade_400_03.bnet	benchmark/handmade/handmade_400_03_01.csv
handmade_400_04	benchmark/handmade/handmade_400_04.bnet	benchmark/handmade/handmade_400_04_01.csv
handmade_400_05	benchmark/handmade/handmade_400_05.bnet	benchmark/handmade/handmade_400_05_01.csv
handmade_400_06	benchmark/handmade/handmade_400_06.bnet	benchmark/handmade/handmade_400_06_01.csv
handmade_400_07	benchmark/handmade/handmade_400_07.bnet	benchmark/handmade/handmade_400_07_01.csv
handmade_400_08	benchmark/handmade/handmade_400_08.bnet	benchmark/handmade/handmade_400_08_01.csv
handmade_400_09	benchmark/handmade/handmade_400_09.bnet	benchmark/handmade/handmade_400_09_01.csv
handmade_400_10	benchmark/handmade/handmade_400_10.bnet	benchmark/handmade/handmade_400_10_01.csv
handmade_400_11	benchmark/handmade/handmade_400_11.bnet	benchmark/handmade/handmade_400_11_01.csv
